<colors>
    <color id="loadingWheelColor" color="#6b57cf"/>
    <color id="windowBackgroundColor" color="#331a66"/>
    <color id="mecanicBlueColor" color="#fac134"/>
    <color id="mecanicDarkBlueColor" color="#ffffff"/>
    <color id="defaultLightColor" color="#ffffff"/>
    <color id="loginGradientColor" color="#331a66"/>
    <color id="defaultDarkGreyColor" color="#fac134"/>
    <color id="GreyColor" color="#6b57cf"/>
    <color id="defaultBlackColor" color="#fac134"/>
    <color id="defaultDarkColor" color="#140d19" />
    <color id="MPColor" color="#ffffff"/>
    <color id="APColor" color="#ffffff"/>
    <color id="wakfuBarColor" color="#6b57cf"/>
    <color id="detailedCellColor" color="#6b57cf"/>
</colors>